KEY,EN,KO
0_TRANSLATION_NOTE,"작성시 유의 사항
- KEY에 해당 하는 열은 수정하시면 안됩니다.
- 시안 또는 줄바꿈이 필요하다 생각된 경우, 엑셀 작성시 Alt+Enter로 줄바꿈 해주시기 바랍니다.
- 저장 시, CSV UTF-8(*.CSV)파일로 저장 해주시기 바랍니다.
- 한글이 필요없는 영문에 대해서는 스페이스바를 통한 공백처리를 해주시기 바랍니다.",
ACCOUNT_INFO,Account Info,계정 정보
ALARM_LOGIN_FAILURE,Login failed. Please log in again.,로그인에 실패하였습니다. 다시 로그인 해주세요.
ALARM_IS_PROJECT_GIVE_UP,"When giving up, the project cannot be resumed.
Would you like to give up?","Give up시 해당 프로젝트는 다시 진행 할 수 없습니다.
Give up 하시겠습니까?"
ALARM_NOT_EXIST_UPLOAD_FILE,"The uploaded file does not exist.
Do you want to proceed?","업로드된 파일이 존재하지 않습니다.
계속 진행하시겠습니까?"
ALARM_BAD_REQUEST,"Bad Request :
{{msg}}","Bad Request :
{{msg}}"
ALARM_CONFIRM_DESIGNER_WORK,Do you  want Confirm  designers work?,디자이너가 작업하는지 확인하시겠습니까?
ALARM_FILE_UPLOAD_FAIL,"* JPG, GIF, or PNG only. Max size of 10MB. 
You can only register up to 10 portfolio files. 
Also,  the file name can only be registered up to 127 characters including the extension.","* JPG, GIF 또는 PNG 만. 최대 크기는 10MB입니다. 
포트폴리오 파일은 최대 10 개까지만 등록 할 수 있습니다. 
또한, 파일 이름은 확장자를 포함하여 최대 127 자까지만 등록 할 수 있습니다."
ALARM_MAX_INVITE_DESIGNER,You can invite up to five designers.,Invite Designer의 수는 최대 5명입니다.
ALARM_MIN_WORKING_TIME,The minimum unit of work is 30 minutes.,최소 작업단위는 30분입니다.
ALARM_NO_MATCH_DESIGNER_RECREATE,"There are no matching designers.
You can recreate or delete the project.","일치하는 디자이너가 없습니다.
프로젝트를 다시 만들거나 삭제할 수 있습니다."
ALARM_NO_MATCH_DESIGNER_REINVITE,"There are no matching designers.
You can re-invite the designer or delete the project.","일치하는 디자이너가 없습니다.
디자이너를 다시 초대하거나 프로젝트를 삭제할 수 있습니다."
ALARM_PORTFOLIO_NO_SAVE,"If you do not save the changes, they will not be applied. Would you like to proceed?","변경된 내용을 저장하지 않으면, 해당 내용은 적용되지 않습니다. 계속 진행하시겠습니까?"
ALARM_RECREATE_PROEJCT,"You can recreate or delete the project.
When you choose, you will automatically change the designer.","프로젝트를 다시 만들거나 삭제할 수 있습니다.
선택하면 디자이너가 자동으로 변경됩니다."
ALARM_SELECT_OPTION,"Please, Select options",옵션을 선택하세요.
ALARM_PAYMENT_CANCELED,Payment was canceled.,결제가 취소되었습니다.
APP_HEADER_MENU_5,Home,홈
APP_HEADER_MENU_1,Make a project,프로젝트 생성
APP_HEADER_MENU_2,Find a project,프로젝트 찾기
APP_HEADER_MENU_3,Designer,디자이너
APP_HEADER_MENU_4,Store,스토어
APP_HEADER_MENU_0,How to,How to
CHAT_DESCRIPTION,"Please communicate freely with
clients about the project.",프로젝트의 클라이언트와 자유롭게 소통하세요.
CHAT_ENTERED,{{user}} entered.,{{user}}님이 입장하셨습니다.
CHAT_LEAVE,{{user}} has left.,{{user}}님이 퇴장하셨습니다.
CHAT_NO_PARTICIPATED,No users participated.,참여한 사용자가 없습니다.
DESIGNER_DROPPED,Dropped,Dropped
DESIGNER_FIND_PARTNERS,Find your partners!,파트너를 찾아보세요!
DESIGNER_PORFOLIO_UPLOAD_DESCRIPTION,"If you upload multiple images at once, the text will be the same.","여러 이미지를 한번에 업로드할 경우, 해당 텍스트는 동일하게 들어갑니다."
DESIGNER_REJECTED,Rejected,거절
DESIGNER_REWORK,Re-work,재작업
FIND_ACCOUNT,Find My Account,계정 찾기
GLOBAL_ADD_FILE,Add File,업로드
GLOBAL_ADD_FILES,ADD Files,파일첨부
GLOBAL_ADDRESS,Address,주소
GLOBAL_ALERT,Alert,알림
GLOBAL_ANSWER,ANSWER,답변
GLOBAL_APPLY,Apply,적용
GLOBAL_AUTHOR,Author,작성자
GLOBAL_BACK,Back,이전
GLOBAL_BACK_TO_LOGIN,Back to Log In,로그인하기
GLOBAL_BUSINESS_REGISTRATION,Certificate of Business Registration ,사업자 등록증
GLOBAL_CANCEL,Cancel,취소
GLOBAL_CASE,case,case
GLOBAL_CEO,Ceo Name,대표자이름
GLOBAL_CLEAR_ALL,Clear All,초기화
GLOBAL_CLICK,Click,클릭
GLOBAL_CLIENT,Client,클라이언트
GLOBAL_CLINIC,Clinic,클리닉
GLOBAL_CLOUD,Cloud,클라우드
GLOBAL_CODE,Code,인증코드
GLOBAL_COMMENT,Comment,코멘트
GLOBAL_COMPANY_NAME,Company Name,업체명
GLOBAL_COMPLETE,Complete,완료
GLOBAL_COMPLETED,Completed,완료
GLOBAL_CONFIRM_PASSWORD,Confirm Password,비밀번호 확인
GLOBAL_COUNTRY,Country,국가
GLOBAL_CREATE,Create,생성
GLOBAL_WRITE,Write,글쓰기
GLOBAL_DATE,Date,날짜
GLOBAL_DELETE,Delete,삭제
GLOBAL_DESIGNER,Designer,디자이너
GLOBAL_DESIGNER_SERVICE,Designer Service,디자이너 서비스
GLOBAL_DOWNLOAD,Download,내려받기
GLOBAL_DRAG_DROP,Drag&Drop,드래그&드롭
GLOBAL_DROPPED,Dropped,Dropped
GLOBAL_EDIT,Edit,수정
GLOBAL_EMAIL,Email,이메일주소
GLOBAL_ERROR,Error,에러
GLOBAL_FAILURE,Failure,실패
GLOBAL_FILE,File,파일명
GLOBAL_FILE_NAME,FileName,파일명
GLOBAL_FILE_UPLOAD_INFO,"Upload scan files, including construction information files.",construction 정보 파일을 포함한 스캔 파일을 업로드합니다.
GLOBAL_FROM,From,From
GLOBAL_FULLTEXT_MINUTES,minutes,분
GLOBAL_GET_STARTED,Get Started,시작하기
GLOBAL_GO_TO_LOGIN,Go to Log In,로그인하기
GLOBAL_ID,ID,ID
GLOBAL_IMAGE_UPLOAD_INFO,"* JPG, GIF, or PNG only. Max size of 10MB","* JPG, GIF, or PNG only. 최대 10MB"
GLOBAL_LAB,Lab,기공소
GLOBAL_LANGUAGE,Language,언어
GLOBAL_LICENSE,License,라이선스
GLOBAL_LICENSE_DATE,Issue Date of Dental Technician,치과기공사 자격증 발급일자
GLOBAL_LICENSE_REGISTRATION,Certificate of Dental Technician,치과기공사 자격증
GLOBAL_LOCATION,Location,지역
GLOBAL_LOGIN,Log In,로그인
GLOBAL_LOGOUT,Logout,로그아웃
GLOBAL_MANDIBLE,Mandible,하악
GLOBAL_MAXILLA,Maxilla,상악
GLOBAL_MESSAGE,Message,메시지
GLOBAL_MILLING,Milling Center,밀링센터
GLOBAL_MINUTES,mins,분
GLOBAL_MODIFY,Modify,수정
GLOBAL_NAME,Name,이름
GLOBAL_NICKNAME,Nick Name,닉네임
GLOBAL_NO,No,No
GLOBAL_OK,OK,확인
GLOBAL_OPTION,Option,옵션
GLOBAL_PARTNER,Partner,파트너
GLOBAL_PASSWORD,Password,비밀번호
GLOBAL_PASSWORD_NEW,New Password,새 비밀번호
GLOBAL_PASSWORD_OLD,Old Password,현재 비밀번호
GLOBAL_PASSWORD_RESET,Password Reset,비밀번호 변경하기
GLOBAL_PATIENT,Patient,환자
GLOBAL_PHONE,Phone,전화번호
GLOBAL_POINTS,points,포인트
GLOBAL_PORTFOLIO,Portfolio,포트폴리오
GLOBAL_PROJECT,Project,프로젝트
GLOBAL_PROJECT_LIST,Project List,프로젝트 목록
GLOBAL_READ,Read,읽음
GLOBAL_REJECTED,Rejected,거절
GLOBAL_RESET,Reset,초기화
GLOBAL_SAVE,Save,저장
GLOBAL_SECONDS,secs,초
GLOBAL_SELECT,Select,선택
GLOBAL_SELECT_ALL,All,All
GLOBAL_SELECT_DAYS_30,30Days,30일
GLOBAL_SELECT_DAYS_7,7Days,7일
GLOBAL_SELECT_EARLIEST,Oldest,오래된 순
GLOBAL_SELECT_FROM,From,From
GLOBAL_SELECT_LATEST,Latest,최신 순
GLOBAL_SELECT_NOT_READ,Unread,읽지 않음
GLOBAL_SELECT_PROJECT_NAME,Project name,프로젝트 이름
GLOBAL_SELECT_READ,Read,읽음
GLOBAL_SELECT_YEARS_1,1Year,1년
GLOBAL_SELECT_YEARS_10,10Years,10년
GLOBAL_SELECT_RATE,Rated,Rated
GLOBAL_SELECT_NAME_ASC,Name,이름
GLOBAL_SEND,Send,전송
GLOBAL_SEND_CODE,SEND A CODE,인증코드전송
GLOBAL_SIGNUP,Sign Up,회원가입
GLOBAL_STATUS,Status,상태
GLOBAL_SUBMIT,Submit,보내기
GLOBAL_SUCCESS,Success,성공
GLOBAL_TIMES,times,회
GLOBAL_TITLE,Title,타이틀
GLOBAL_TOTAL,Total,총합
GLOBAL_TOTAL_PEOPLE,Total people,총원
GLOBAL_TOTAL_POINTS,Total points,포인트 합계
GLOBAL_TOTAL_PROJECTS,Total Projects,프로젝트 합계
GLOBAL_TYPE,Type,유형
GLOBAL_UPDATE,Update,업데이트
GLOBAL_UPLOAD,Upload,업로드
GLOBAL_USERTYPE,User Type,타입
GLOBAL_VERIFY,VERIFY,인증하기
GLOBAL_VIEW,View,보기
GLOBAL_VIEW_MORE,View more,더 보기
GLOBAL_PAY,Pay,Pay
GLOBAL_MONTH,Month,개월
INFORMATION_DESIGNER_CAN_PROVIDED_SERVICE,Designer service can be provided only when UserType is selected.,UserType을 선택해야 designer서비스를 제공할 수 있습니다.
INFORMATION_SELECT_PUBLIC_TYPE,"* If you select to Public to Partners, you can search for businesses only by their unique codes.","* 파트너에게만 공개를 선택하면, 고유 번호로만 업체를 검색 할 수 있습니다."
MAIN_PAGE_CREATE_A_PROJECT,"CREATE A
PROJECT","CREATE A
PROJECT"
MAIN_PAGE_CREATE_INFO,"Work with the best dental designers in the world
on our secure, flexible, and cost-effective platform.
Find the perfect designers for your projects.","세계 최고의 치과 디자이너와 협력 안전하고 유연하며 비용 효율적인 플랫폼에서
프로젝트에 완벽한 디자이너를 찾으십시오."
MAIN_PAGE_FIND_A_PROJECT,"FIND A
PROJECT","FIND A
PROJECT"
MAIN_PAGE_FIND_INFO,"Search by what you like and choose the right projects
from our platform. Boast your design skills to the world
and make earning easy.","
좋아하는 것으로 검색하고 적합한 프로젝트를 선택하세요.
우리 플랫폼에서. 당신의 디자인 능력을 세계에 뽐내다 수익을 쉽게 얻을 수 있습니다."
MODAL_ALL_CLEAR_PROJECT_CONTENT,"You can clear all saved list. \nIf you clear it, you’ll need to reset the indication.",저장된 치식 정보를 삭제할 수 있습니다. \n초기화하면 치식 정보를 다시 설정해야합니다.
MODAL_ALL_CLEAR_PROJECT_TITLE,Are you sure you want to clear all teeth settings?,입력한 치아 정보를 초기화 하시겠습니까?
MODAL_COMPLETE,Completed.,완료되었습니다.
MODAL_ERROR,Unexpcted Error.,예상치 못한 에러가 발생했습니다.
MODAL_FAIL,Failed.,실패하였습니다.
MODAL_FAIL_COPY,Copy failed.,Copy failed.
MODAL_FAIL_COPY_CONTENT,There is no data to copy.,복사할 데이터가 없습니다.
MODAL_FAIL_COPY_TITLE,{{toothRange}}  Copy failed.,복사에 실패하였습니다.
MODAL_FAIL_EMAIL_CHECK_CODE,Please check your email and code.,이메일과 코드를 확인해주세요.
MODAL_FAIL_EMAIL_CODE_EXPIRED,The certification period has expired.,인증기간이 만료되었습니다.
MODAL_FAIL_EMAIL_EXIST,This email has already been registered.,이미 등록된 이메일입니다.
MODAL_FAIL_EMAIL_NOT_AUTHORIZED,This email is not authorized.,권한이 없는 이메일입니다.
MODAL_FAIL_PASTE_CONTENT,The copied data does not exist.,복사된 데이터가 없습니다.
MODAL_FAIL_PASTE_TITLE,Paste failed.,붙혀넣기에 실패하였습니다.
MODAL_FAIL_TOOTH_RANGE_COPY_CONTENT,Please do multi-copy only between {{toothRange}}.,{{toothRange}} 사이에서 복사해주세요.
MODAL_FAIL_TOOTH_RANGE_COPY_TITLE,{{toothRange}} Copy failed.,{{toothRange}} 복사에 실패하였습니다.
MODAL_RECONNECT,"The connection to the server has been lost. 
Press F5 to refresh the page or 
Please reconnect to the site.","서버와 연결이 끊겼습니다. 
F5를 눌러 페이지를 새로고침하거나 
사이트를 재접속해주시기 바랍니다."
MODAL_SUCCESS_SENDCODE_CONTENT,Please check your email.,이메일을 확인해주세요.
MODAL_SUCCESS_SENDCODE_TITLE,Transmission complete.,전송완료
MODAL_SUCCESS_SIGNEUP,Sign up is complete.,회원가입이 완료되었습니다.
MODAL_SUCCESS_VERIFYCODE,Certification has been completed.,인증이 완료되었습니다.
MYBRIDGE_MODIFICATION_COUNT,Available numbers of design modification,디자인 수정 가능 횟수
NOTIFICATION_TITLE_1,프로젝트 초대(EN),프로젝트 초대
NOTIFICATION_TITLE_10,프로젝트 디자이너 선택 수락(EN),프로젝트 디자이너 선택 수락
NOTIFICATION_TITLE_11,프로젝트 작업 시작(EN),프로젝트 작업 시작
NOTIFICATION_TITLE_12,디자이너 선택 실패(EN),디자이너 선택 실패
NOTIFICATION_TITLE_13,프로젝트 평가(EN),프로젝트 평가
NOTIFICATION_TITLE_14,메시지 업데이트(EN),메시지 업데이트
NOTIFICATION_TITLE_15,프로젝트 지원 취소(EN),프로젝트 지원 취소
NOTIFICATION_TITLE_16,프로젝트 생성(EN),프로젝트 생성
NOTIFICATION_TITLE_17,프로젝트 스테이지 변경(EN),프로젝트 스테이지 변경
NOTIFICATION_TITLE_18,프로젝트 리셋(EN),프로젝트 리셋
NOTIFICATION_TITLE_19,작업 완료시간 초과(EN),작업 완료시간 초과
NOTIFICATION_TITLE_2,프로젝트 지원(EN),프로젝트 지원
NOTIFICATION_TITLE_20,디자이너 선택 시간 만료(EN),디자이너 선택 시간 만료
NOTIFICATION_TITLE_3,디자이너를 변경(EN),디자이너를 변경
NOTIFICATION_TITLE_4,디자이너가 포기(EN),디자이너가 포기
NOTIFICATION_TITLE_5,디자이너 작업물 제출(EN),디자이너 작업물 제출
NOTIFICATION_TITLE_6,클라이언트 프로젝트 완료(EN),클라이언트 프로젝트 완료
NOTIFICATION_TITLE_7,클라이언트가 수정 요청(EN),클라이언트가 수정 요청
NOTIFICATION_TITLE_8,프로젝트 디자이너로 선택 메시지(EN),프로젝트 디자이너로 선택 메시지
NOTIFICATION_TITLE_9,프로젝트 디자이너 거절(EN),프로젝트 디자이너 거절
PLACEHOLDER_DATE_PICKER,Pick a day,Pick a day
PLACEHOLDER_FILL_BLANK_DETAIL,Fill the blank.,내용을 입력해주세요.
PLACEHOLDER_FILL_BLANK_TITLE,Title,제목을 입력해주세요.
PLACEHOLDER_PASSWORD,"* Use 8 to 16 characters with a mix of letters, numbers & symbols.","* Use 8 to 16 characters with a mix of letters, numbers & symbols."
PLACEHOLDER_PHONE,* Please enter only number.,* Please enter only number.
PLACEHOLDER_SEARCH_DESIGNER,Search for a designer,Search for a designer
PLACEHOLDER_SEARCH_PROJECT,Search for projects,Search for projects
PLACEHOLDER_SEARCH_QNA,Search for Q&A,Search for Q&A
PLACEHOLDER_WITHOUT_DASH,* Enter without dash.,* -없이 입력
POLICY_PRIVACY_CONTENT,Privacy Content…,방침내용 블라블블라~~
POLICY_PRIVACY_TITLE,Privacy Policy,개인정보 처리 방침
POLICY_TERMS_CONTENT,Terms Content…,약관 내용 블라블라블라~~~
POLICY_TERMS_TITLE,Terms & Conditions,이용 약관
POPUP_BTN_ACCEPT_INVITATION,Accept Invitation,프로젝트 참여하기
POPUP_BTN_BEGIN_PROJECT,Begin the Project,프로젝트 참여하기
POPUP_BTN_CHECK_PROJECT,Check the Project,프로젝트 확인하기
POPUP_BTN_CHECK_RESULT,Check the Result,결과 확인하기
POPUP_BTN_OK,Ok,Ok
POPUP_BTN_VIEW_PROJECT,View the Project,프로젝트 보러가기
POPUP_MSG_DESIGNER_APPLIED,Designer applied,Designer applied
POPUP_MSG_DESIGNER_CANCEL_APPLICATION,The designer has canceled the application.,The designer has canceled the application.
POPUP_MSG_DESIGNER_REFUSED,The designer refused.,The designer refused.
POPUP_MSG_DESIGNER_STARTED,Your designer has started the project.,선정된 디자이너가 프로젝트를 시작하였습니다.
POPUP_MSG_PROJECT_COMPLETED,The project has been completed.,프로젝트를 완료하였습니다.
POPUP_MSG_PROJECT_INVITATION,You have an invitation to participate in a project.,프로젝트 참여 요청이 들어왔습니다.
POPUP_MSG_RECEIVED_PAYMENT,You have received the payment. ,포인트가 지급되었습니다.
POPUP_MSG_REDESIGN_REQUEST,You have a request for redesign.,디자인 재요청이 왔습니다.
POPUP_MSG_SELECTED_PROJECT,You have been selected for the project.,프로젝트에 선정되셨습니다.
PROJECT_ACCEPT,Accept,Accept
PROJECT_APPLYMENT,Applyment,Applyment
PROJECT_BEGIN,Begin,Begin
PROJECT_CAD_PROGRAM,CAD Program,CAD Program
PROJECT_CHANGE_DESIGNER,Change Designer,Change Designer
PROJECT_CLICK_BEGIN,Begin project by clicking the button on the right. ,우측의 [Begin]버튼을 클릭하여 일을 시작해보세요.
PROJECT_CLIENT_NOTE_WORK_LIST_BELOW,You can check the completed files in the work list below.,You can check the completed files in the work list below.
PROJECT_COMPLETED,Completed project,Completed project
PROJECT_CONFIRM,Confirm,Confirm
PROJECT_CONFIRM_AND_PAY,Confirm & Pay,Confirm & Pay
PROJECT_CREATE_A_PROJECT,CREATE A PROJECT,CREATE A PROJECT
PROJECT_CREATED_PROJECT,Created Project,Created Project
PROJECT_DELETE_PROJECT,Delete the Project,Delete the Project
PROJECT_DELETION_NOTIFIY,The participating designers will be notified of the project deletion.,참가한 디자이너들에게 프로젝트 삭제 알림이 갑니다.
PROJECT_DELIVERY_TIME,Delivery time,Delivery time
PROJECT_DESIGNER_NOTIFY_SEQUENTIALLY,The selected designers will be notified sequentially.,설정해놓은 디자이너에게 순차적으로 연락이 갑니다.
PROJECT_DETAILS,Enter Details,Enter Details
PROJECT_DONE,Done,Done
PROJECT_DONE_INFO,"Done: completing the task, Give Up: quitting the task (displayed on your profile)","Done : 작업 완료시, Give up : 작업 중도 포기시(프로필에 명시됩니다.)"
PROJECT_DROPPED,Dropped,Dropped
PROJECT_DUE_DATE,Due Date,Due Date
PROJECT_EVALUATE,Evaluate,Evaluate
PROJECT_EVALUATE_CLIENT,Client Evaluation,Client Evaluation
PROJECT_EVALUATE_DESIGNER,Designer Evaluation,Designer Evaluation
PROJECT_FDI,FDI,FDI
PROJECT_GIVE_UP,Give up,Give up
PROJECT_HISTORY,Changed history,Changed history
PROJECT_ID,Project ID,프로젝트 ID
PROJECT_IMPLANT,Implant,임플란트
PROJECT_INDICATION,Indication,Indication
PROJECT_INDICATOR_PLACEHOLDER,Indicator setting is required.,작업유형을 설정해야 합니다.
PROJECT_INDICATORS,Indication,작업유형
PROJECT_INVITE_DESIGNER,Invite a Designer,Invite a Designer
PROJECT_MANAGER,Manager,담당자
PROJECT_MATCHING_ALERT,A notification will be sent once the project is matched width a designer.,"Matching이 완료될 경우, 알림으로 알려드립니다."
PROJECT_MATERIAL,Material,재료
PROJECT_MAX_SELECT_DESIGNER,You can select up to three designers.,You can select up to three designers.
PROJECT_MEMO,Memo,메모
PROJECT_NAME,Project  Name,프로젝트명
PROJECT_NOT_SHARE_PATIENT_ALERT,"When the option is selected, the patient name will be shared with partner.
{{brandLogoText}} will not be responsible for the shared patient name.","해당 항목을 선택하면, 입력한 환자정보를 파트너와 공유할 수 있습니다. 
이에 대해 {{brandLogoText}}는 일체의 법적 책임을 지지 않습니다."
PROJECT_NOT_SHARE_PATIENT_NAME,Do not share personal information or patient information.,Do not share personal information or patient information.
PROJECT_OPTION_GAP_WIDTH,Gap width of cement,Gap width of cement
PROJECT_OPTION_GAP_WIDTH_RANGE,(-0.10 ~ 0.50mm),(-0.10 ~ 0.50mm)
PROJECT_OPTION_SCAN_GINGIVA,Scan gingiva separately,Scan gingiva separately
PROJECT_OPTION_SCAN_PRE_OP,Scan a pre-op model,Scan a pre-op model
PROJECT_OPTION_DIAMETER,Milling  tool diameter,Milling  tool diameter
PROJECT_OPTION_DIAMETER_RANGE,(0.00 ~ 1.50mm),(0.00 ~ 1.50mm)
PROJECT_OPTION_THICKNESS,Minimal thickness,Minimal thickness
PROJECT_OPTION_THICKNESS_RANGE,(0.40 ~ 1.00mm),(0.40 ~ 1.00mm)
PROJECT_PATIENT,Patient Name,환자명
PROJECT_PAYMENT,Project Payment,Project Payment
PROJECT_PAYMENT_CLIENT_EVALUATE,Please evaluate the client.,해당 프로젝트 클라이언트의 점수를 체크해주세요.
PROJECT_PAYMENT_DESIGNER_BOOKMARK,Bookmark the designer.,디자이너를 즐겨찾기 해주세요.
PROJECT_PAYMENT_DESIGNER_EVALUATE,Please evaluate the designer.,해당 프로젝트 디자이너의 점수를 체크해주세요.
PROJECT_PAYMENT_PAY_ALERT,"Files are available for download upon payment. 
Payment process cannot be undone.","포인트를 지급하면 결과물을 다운로드 할 수 있으나, 결과를 되돌릴 수는 없습니다."
PROJECT_PAYMENT_PAY_QUESTION,Do you want to pay {{designer}} {{point}} points?,{{designer}}에게  {{point}}포인트를 지급하시겠습니까?
PROJECT_PENDING_DESIGNER,Pending Acceptance,Pending Acceptance
PROJECT_PREFERRED_CAD,Preferred CAD,선호하는 CAD
PROJECT_PREFERRED_LANGUAGE,Preferred Language,선호하는 언어
PROJECT_PROGRESS_0,New,New(KR)
PROJECT_PROGRESS_1,Waiting,Waiting(KR)
PROJECT_PROGRESS_2,Matching,Matching(KR)
PROJECT_PROGRESS_3,Working,Working(KR)
PROJECT_PROGRESS_4,Done,Done(KR)
PROJECT_PROGRESS_5,Complete,Complete(KR)
PROJECT_PROMOTE_DESIGNER,"Promote your project to
the competent designers","원하는 디자이너에게 
프로젝트 홍보하기"
PROJECT_REQUEST_REDESIGN,Request to Redesign,Request to Redesign
PROJECT_REQUEST_REDESIGN_TOOLTIP,"For more accuracy, please send modifications through the direct message on the right.",보다 정확한 작업물을 위해서 우측의 1:1 채팅방을 통해 수정사항을 말씀해주세요.
PROJECT_REQUIRED,Required Information,Required Information
PROJECT_SCAN_ABUTMENT,Scan Abutment,Scan Abutment
PROJECT_SELECT_DESIGNER,Select Designer,Select Designer
PROJECT_SELECT_DESIGNER_LIST_INFO,"Check the designer matching request ranking and waiting time.
Matching requests are sequentially requested according to the set ranking, and after the waiting time passes, the next ranking designer The request is passed.","디자이너 매칭 요청 순위 및 대기 시간을 확인합니다.
일치 요청은 설정된 순위에 따라 순차적으로 요청되며 대기 시간이 지나면 다음 순위 디자이너 요청이 전달됩니다."
PROJECT_SELECT_OPTION,Select Option,Select Option
PROJECT_SELECTED_TOOTH,Selected Tooth,Selected Tooth
PROJECT_SHADE_OPTION,Shade Option,Shade Option
PROJECT_START_NEW,Start a new project.,새로운 프로젝트를 시작해보세요.
PROJECT_SUBMITTED,The project has been submitted.,제출이 완료되었습니다.
PROJECT_SUBMITTED_WAIT_RESULT,Please wait for the result.,Please wait for the result.
PROJECT_TOOTH,Tooth,치아
PROJECT_TOOTH_NUMBER,No.,No.
PROJECT_TOOTH_PLACEHOLDER,Please select a tooth.,치아를 선택하세요.
PROJECT_TYPE,Type,유형
PROJECT_UNS,UNS,UNS
PROJECT_WAITING,Waiting…,Waiting…
PROJECT_WAITING_DESIGNER,Waiting Designer,Waiting Designer
PROJECT_DOWNLOAD_ALARM,* Stl file download is available after confirm & pay.,"* Confirm & pay 후, 파일 다운로드가 가능합니다."
REGISTER_CODE,* Code is not valid.,* 인증코드가 일치하지 않습니다.
REGISTER_COFIRM_PASSWORD,* Those passwords don't match. Try again.,* 비밀번호가 일치하지 않습니다.
REGISTER_EMAIL,* Email address is not valid. Please check your email.,* 이메일 주소가 올바르지 않습니다.
REGISTER_IMAGE,* Please register an image file.,* 이미지를 등록해주세요.
REGISTER_NOT_VALID,* This is not valid.,* 유효하지 않습니다.
REGISTER_PASSWORD,"* Use 8 to 16 characters with a mix of letters, numbers & symbols.","* 8자 이상 16자 이하의 문자, 숫자 및 특수문자를 조합하여 입력하세요."
REGISTER_PASSWORD_MATCH,Passwords match. Please complete the password change.,Passwords match. Please complete the password change.
REGISTER_PASSWORD_NOT_MATCH,* Passwords do not match.,* Passwords do not match.
REGISTER_REQUIRED,* This is required.,* 필수 항목입니다.
SIGNIN_AUTO_LOGIN,Auto Login,자동로그인
SIGNIN_ERROR_CHECK_VALID,"Your Email address or Password is not valid. 
Please check and try again",이메일 주소 혹은 비밀번호를 다시 확인하고 로그인해주세요.
SIGNIN_ERROR_LOG_IN,Cannot Log in,로그인할 수 없습니다.
SIGNIN_FORGET_EMAIL,Forgot email,이메일을 잊으셨나요?
SIGNIN_FORGET_PASSWORD,Forgot password,비밀번호를 잊으셨나요?
SIGNUP_ACCEPT_TERMS_CONTENT,<0>I accept the </0><1>Terms of Service</1><0> and the </0><2>Professional Terms</2><0> of Service.</0>,"<1>서비스 이용 약관</1><0> 및 </0><2>개인정보 수집 및 이용</2><0> 내용을 확인하였으며, 동의합니다.</0>"
SIGNUP_ALREADY_ACCOUNT,I already have an Account,이미 계정이 있으신가요?
SIGNUP_CREATE_ACCOUNT,Create a new Account,계정 만들기
SIGNUP_PUBLIC_ALL,Public,전체공개
SIGNUP_PUBLIC_AVAILABILTY,Public Availability,정보 공개 범위
SIGNUP_PUBLIC_TO_PARTNERS,Public to Partners,파트너에게만 공개
SIGNUP_TEXT,Create a {{brandLogoText}} Account,{{brandLogoText}} 계정 만들기
USER_APPLIED,Applied,수락
USER_INFO_MODIFY,Modify,Modify
USER_INFO_PASSWORD_RESET,Password Reset,Password Reset
USER_MADE,Made,생성
USER_MENU_INFORMATION,Information,Information
USER_MENU_MYBRIDGE,My Bridge,My Bridge
USER_MENU_NOTIFICATION,Notification,Notification
USER_MENU_POINT,Point,Point
USER_MENU_POINT_EXCHANGE,Exchange,Exchange
USER_MENU_POINT_HISTORY,My Histroy,My Histroy
USER_MENU_POINT_STORE,Store,Store
USER_MENU_PORTFOLIO,Portfolio,Portfolio
USER_MENU_PROJECTS,Projects,Projects
USER_MENU_PROJECTS_APPLIED,Applied Project,Applied Project
USER_MENU_PROJECTS_FIND,Find a Project,Find a Project
USER_MENU_PROJECTS_MADE,Made Project,Made Project
USER_MENU_PROJECTS_MAKE,Make a Project,Make a Project
USER_MENU_QNA,Q&A,Q&A
USER_MY_PAGE,My page,My page
USER_MY_POINT,My point,My point
USER_POINT,point,point
USER_POINT_AGREE,Agree,동의
USER_POINT_BANK_ACCOUNT,Bank Account,Bank Account
USER_POINT_CHECK_OUT,Check Out,Check Out
USER_POINT_EXCHANGE_ACCOUNT_BANK,Bank,입금 은행
USER_POINT_EXCHANGE_ACCOUNT_HOLDER,Account Holder,예금주
USER_POINT_EXCHANGE_ACCOUNT_NUMBER,Account Number,계좌번호
USER_POINT_EXCHANGE_AMOUNTS,Exchange Amounts,정산 신청 포인트
USER_POINT_EXCHANGE_AVAILABLE,Available Points,정산 가능 포인트
USER_POINT_EXCHANGE_NOTE_AGREEMENT,Terms must be agreed in order to complete transaction.,"고객님께서는 동의를 거부하실 권리가 있습니다. 단, 동의 거부 시에는 포인트 환급이 불가합니다."
USER_POINT_EXCHANGE_NOTE_PERIOD,Holding Period :,보유기간 :
USER_POINT_EXCHANGE_NOTE_PERIOD_DETAIL,Five (5) years upon transaction completion for future transaction detail inquiries.,"환급 완료 후, 고객민원처리 및 거래내역 조회를 위하여 5년 간 보관"
USER_POINT_EXCHANGE_NOTE_PURPOSE,Purpose of use :,이용목적 :
USER_POINT_EXCHANGE_NOTE_PURPOSE_DETAIL,"DOF Bridge member's discount, points refund, cash refund record inquiry, and contact for repayment in case of error","dof bridge 회원할인, 포인트 환급, 현금환급기록 조회, 오류 발생 시 상환처리를 위한 연락."
USER_POINT_EXCHANGE_NOTE_REQUIRED,Required info :,수집항목 :
USER_POINT_EXCHANGE_NOTE_REQUIRED_DETAIL,"Name, date of birth, email, phone number, bank and account number, and repayment amount.","성명, 생년월일(법정), 이메일, 휴대폰번호, 은행 및 계좌번호, 상환금액."
USER_POINT_EXCHANGE_NOTES,Notes for Points Exchange,포인트 정산 시 유의사항
USER_POINT_EXCHANGE_PRICE,Price,정산 가격
USER_POINT_EXCHANGE_REMAINED,Remaining Points,잔여포인트
USER_POINT_EXCHANGE_TITLE,Exchange Points,Exchange Points
USER_POINT_EXCHANGE_TRANSACTION_MIN,* Min. 100 points for a transaction.,* 최소 100point부터 정산 가능합니다.
USER_POINT_HISTORY,Point History,Point History
USER_POINT_HISTORY_TRANSACTION,Transaction,Transaction
USER_POINT_HISTORY_ACCOUNT,Account,Account
USER_POINT_HISTORY_AMOUNT,Amount,Amount
USER_POINT_HISTORY_TOTAL_PAYMENT,Total Payment,총 지불액
USER_POINT_HISTORY_TRAFFIC,Traffic,Traffic
USER_POINT_HISTORY_PAYMENT_NO,Serial Number,시리얼 번호
USER_POINT_HISTORY_PAYMENT_TYPE,Payment Methods,지불 방법
USER_POINT_HISTORY_PAYMENT_INSTALLMENT,Installment,할부
USER_POINT_HISTORY_PAYMENT_INSTALLMENT_NONE,None,없음
USER_POINT_HISTORY_PAYMENT_STATUS,Status,Status
USER_POINT_HISTORY_PAYMENT_PRICE,Price,Price
USER_POINT_PAYMENT_STEP_0,Waiting,결제 대기
USER_POINT_PAYMENT_STEP_1,Complete,결제 완료
USER_POINT_PAYMENT_STEP_2,Error,결제 오류
USER_POINT_PAYMENT_STEP_3,Refund,Refund
USER_POINT_IN_PROGRESS,Project in progress,Project in progress
USER_POINT_INCOMING,Received,입금
USER_POINT_NOT_AGREE,Do not agree,비동의
USER_POINT_OUTGOING,Sent,송금
USER_POINT_PAYMENT,Payment,지불
USER_POINT_STATUS_COMPLETED,Completed Payment,지급 완료
USER_POINT_STATUS_WAITING,Pending Payment,지급 대기
USER_POINT_STORE_PAYMENT_1,Credit card,신용카드
USER_POINT_STORE_PAYMENT_2,Account Transfer,가상계좌
USER_POINT_STORE_PAYMENT_3,Credit card,신용카드
USER_POINT_STORE_PAYMENT_4,Credit card,신용카드
USER_POINT_STORE_PAYMENT_5,UnionPay,유니온페이
USER_POINT_STORE_PAYMENT_6,Paypal,페이팔
USER_POINT_STORE_NOTE,Notes for Points Purchase,포인트 충전 시 유의사항
USER_POINT_STORE_NOTE_PURCHASE,Notes for Points Purchase.,이용안내
USER_POINT_STORE_NOTE_PURCHASE_DETAIL_1,You can purchase points with a credit card or Paypal.,You can purchase points with a credit card or Paypal.
USER_POINT_STORE_NOTE_PURCHASE_DETAIL_2,"All amounts shall be paid in US Dollars, unless otherwise specified in the payment page on the Platform.","All amounts shall be paid in US Dollars, unless otherwise specified in the payment page on the Platform."
USER_POINT_STORE_NOTE_PURCHASE_DETAIL_3,Points valid for three (3) years.,Points valid for three (3) years.
USER_POINT_STORE_NOTE_REFUND,Refund,충전 취소
USER_POINT_STORE_NOTE_REFUND_DETAIL_1,You may request a refund within seven days from the purchase date without any transaction.,"마지막 충전 이후 거래 이력이 없을 경우, 충전일로부터 최대 7일 내 충전 취소를 요청할 수 있습니다."
USER_POINT_STORE_NOTE_REFUND_DETAIL_2,A refund request may be made within seven (7) days of charge date as long as there is no transaction history after the charge.,충전 취소 시 카드사의 정책에 따라 환불까지 최대 7일 소요될 수 있습니다.
USER_POINT_STORE_PAYPAL,Paypal,Paypal
USER_POINT_STORE_TAX,tax,tax
USER_POINT_STORE_YOUR_ORDER,Your Order,Your Order
USER_PROFILE_IMAGE,Profile Image,프로필 사진
USER_QNA_FILE_UPLOAD_ALERT,"You can only register up to 5 files. 
Also,  the file name can only be registered up to 127 characters including the extension.","최대 5개의 파일만 등록할 수 있습니다.
또한 파일명은 확장자를 포함하여 최대 127자까지만 등록할 수 있습니다."
USER_QNA_LIST,Q&A List,Q&A List
USER_WELCOME,Welcome,환영합니다
USER_POINT_PAYMENT_DETAILS,Payment Details,결제 상세
USER_POINT_PAYMENT_FAIL,"Sorry, payment failed!","죄송합니다, 결제에 실패하였습니다."
USER_POINT_PAYMENT_FAIL_DETAIL,"Youre payment was not successfully processed.
Please contact your payment provider.","결제가 성공적으로 처리되지 않았습니다.
결제 제공업체에 문의하세요."
USER_POINT_PAYMENT_SUCCESS,Payment {{price}} {{type}} has been successful!,Payment {{price}} {{type}} has been successful!
USER_POINT_PAYMENT_ORDER_SUCCESS,Your order has been successfully completed.,주문이 정상적으로 완료되었습니다.
USER_POINT_PAYMENT_ACCOUNT_TIME,<0>Payment is complete if you deposit by</0><1>{{date}}</1>,<1>{{date}}</1><0>까지 입금해주시면 결제가 완료됩니다.</0>
USER_POINT_PAYMENT_INVOICE,Invocie,Invocie
USER_POINT_PAYMENT_INVOICE_PRODUCT,Product,Product
USER_POINT_PAYMENT_ID,Payment ID,Payment ID
FOOTER_LEFT_CONTENT,ⓒ 2021 DOF Inc. All rights reserved.,ⓒ 2021 DOF Inc. All rights reserved.
FOOTER_LEFT_CONTACT_US,Contact Us : info@doflab.com    +82 70-7566-0070,Contact Us : info@doflab.com    +82 70-7566-0070
FOOTER_RIGHT_CONTENT,DOF Inc.,DOF Inc.
FOOTER_RIGHT_ADDRESS,"#601-602, 77, Seongsuil-ro, Seongdong-gu, Seoul, 04790 Korea","#601-602, 77, Seongsuil-ro, Seongdong-gu, Seoul, 04790 Korea"
FOOTER_RIGHT_BUSINESS_REG,Business Registration Number : 106-86-88628,Business Registration Number : 106-86-88628
FOOTER_RIGHT_TELECOMMUNICATION,"통신판매업신고 : 2019-서울성동-43,","통신판매업신고 : 2019-서울성동-43,"
FOOTER_CEO_NAME,대표자 : 박현수,대표자 : 박현수
LEGAL_TERMS_OF_SERVICE,Terms of Service,Terms of Service
LEGAL_PRIVACY_POLICY,Privacy Policy,Privacy Policy
LEGAL_LATEST_UPDATED,The latest update date :,최근 업데이트 일 : 
LEGAL_LATEST_UPDATED_POLICY,<0>06. 25. 2021</0>,<0>2021. 06. 25</0>
LEGAL_LATEST_UPDATED_TERMS,<0>06. 25. 2021</0>,<0>2021. 06. 25</0>
LEGAL_TERMS_OF_SERVICE_HEADER,"These Terms of Use (hereinafter referred to as the “Terms”) defines the relationship of Degree of Freedom Inc. and its parents, subsidiaries, divisions, branches, and other affiliates (hereinafter referred to as “DOF” or “We”), and set forth the terms and conditions under which DOF makes available its internet website at [www.dofbridge.com] (hereinafter referred to as the “Platform”), and all the services or products available through the Platform or otherwise provided by DOF (hereinafter referred to as the “Services”), to each dentistry professional, service provider, designer, person or entity accessing or using the Platform and/or the Services (hereinafter referred to as each a “User” or “you”). By using the Platform and/or the Services, you hereby agree to set by these Terms and to use the Platform and the Services solely in accordance with these Terms and any applicable law and regulation.","본 이용약관(이하 ""약관""이라 함)은 ㈜디그리오브프리덤과 그 모회사, 자회사, 사업부, 지점 및 기타 계열사(이하 ""DOF"" 또는 ""당사""라 함)의 관계를 정의하며, DOF가 [www.dofbridge.com]의 인터넷 웹사이트(이하 ""플랫폼""이라고 함)를 제공하는 조건과 플랫폼을 통해 제공되거나 DOF가 달리 제공하는 모든 서비스 또는 제품( 이하 ""서비스""라고 함), 플랫폼 및/또는 서비스에 액세스하거나 이를 사용하는 각 치과 전문가, 서비스 제공자, 디자이너, 개인 또는 단체(이하 ""사용자"" 또는 ""귀하""라고 함). 플랫폼 및/또는 서비스를 사용함으로써 귀하는 본 약관에 의해 설정되고 본 약관 및 관련 법률 및 규정에 따라서만 플랫폼 및 서비스를 사용하는 데 동의합니다."
PROJECT_OPTION_RESTORATION_PONTIC,Restoration Pontic Design,Restoration Pontic Design
PROJECT_OPTION_DESIGN_SELECT,Select Design,Select Design
PROJECT_OPTION_OCCLUSAL_SURFACE,Occlusal Surface Design,Occlusal Surface Design
PROJECT_OPTION_CERAMIC_METAL,Ceramic Metal Design,Ceramic Metal Design
LEGAL_ACCEPT,Legal Accept,Legal Accept
LEGAL_AGREE,Agree,Agree
GLOBAL_ACCEPT,Accept,Accept
HOWTO_INTRO_COMMENT_1,"Outsourcing Platform for
Professional Dental Designer Projects","Outsourcing Platform for
Professional Dental Designer Projects"
HOWTO_INTRO_COMMENT_2,Collaborate with client and designers all over the world.,Collaborate with client and designers all over the world.
HOWTO_INTRO_BUBBLE_1_TITLE,New Project,New Project
HOWTO_INTRO_BUBBLE_1_CONTENT,I want to make more profits from various projects.,I want to make more profits from various projects.
HOWTO_INTRO_BUBBLE_2_TITLE,Due Date,Due Date
HOWTO_INTRO_BUBBLE_2_CONTENT,I hope the design results come out within the due date.,I hope the design results come out within the due date.
HOWTO_INTRO_BUBBLE_3_TITLE,Invite a Designer,Invite a Designer
HOWTO_INTRO_BUBBLE_3_CONTENT,I want to keep working with my designer.,I want to keep working with my designer.
HOWTO_DOF_BRIDGE_TITLE,DOF Bridge,DOF Bridge
HOWTO_DOF_BRIDGE_INTRO_TITLE,Begin Bridge,Begin Bridge
HOWTO_DOF_BRIDGE_INTRO_CONTENT,"Through collaboration between clients and designers,
complete projects with desired budget and schedule","Through collaboration between clients and designers,
complete projects with desired budget and schedule"
HOWTO_DOF_BRIDGE_COMPLETED,Projects Completed,Projects Completed
HOWTO_DOF_BRIDGE_HOW_IT_WORKS,How It Works,How It Works
HOWTO_WORK_FLOW_TITLE,Workflow,Workflow
HOWTO_WORK_FLOW_INTRO,How to register a project.,How to register a project.
HOWTO_CLIENT,Client,Client
HOWTO_DESIGNER,Designer,Designer
HOWTO_COMMON,Common,Common
HOWTO_WORK_FLOW_LOGIN,Log In / Sign Up,Log In / Sign Up
HOWTO_WORK_FLOW_LOGIN_CONTENT,Begin Bridge,Begin Bridge
HOWTO_WORK_FLOW_CREATE,<0>Create</0><1> a Project</1>,<0>Create</0><1> a Project</1>
HOWTO_WORK_FLOW_CREATE_CONTENT,"Create a project anytime, anywhere.","Create a project anytime, anywhere."
HOWTO_WORK_FLOW_INVITE,<0>Invite</0><1> a Designer</1>,<0>Invite</0><1> a Designer</1>
HOWTO_WORK_FLOW_INVITE_CONTENT,Invite the right designer for the project.,Invite the right designer for the project.
HOWTO_WORK_FLOW_PARTICIPATE,<0>Participate</0><1> in a Project</1>,<0>Participate</0><1> in a Project</1>
HOWTO_WORK_FLOW_PARTICIPATE_CONTENT,Specify project due date and budget to bid on the project.,Specify project due date and budget to bid on the project.
HOWTO_WORK_FLOW_SELECT,<0>Select</0><1> the Designer</1>,<0>Select</0><1> the Designer</1>
HOWTO_WORK_FLOW_SELECT_CONTENT,Select the designer with the ideal conditions.,Select the designer with the ideal conditions.
HOWTO_WORK_FLOW_START,<0>Start</0><1> the Project</1>,<0>Start</0><1> the Project</1>
HOWTO_WORK_FLOW_START_CONTENT,Start designing according to the request.,Start designing according to the request.
HOWTO_WORK_FLOW_COMPLETE,<0>Project</0><1> Complete</1>,<0>Project</0><1> Complete</1>
HOWTO_WORK_FLOW_COMPLETE_CONTENT,Submit and approve the design.,Submit and approve the design.
HOWTO_WORK_FLOW_PAYMENT,<0>Payment</0>,<0>Payment</0>
HOWTO_WORK_FLOW_PAYMENT_CONTENT,Points paid upon completion of the project.,Points paid upon completion of the project.
HOWTO_PROJECT_BRIDGE,<0>Project</0><1> DOF Bridge</1>,<0>Project</0><1> DOF Bridge</1>
HOWTO_PROJECT_BRIDGE_CONTENT_TITLE_CLIENT,"Take the opportunity to collaborate with
leading dental designers around the world!","Take the opportunity to collaborate with
leading dental designers around the world!"
HOWTO_PROJECT_BRIDGE_CONTENT_BODY_CLIENT,"DOF Bridge is a design outsourcing platform for dental experts.
Professional teeth design can be completed at a reasonable price.","DOF Bridge is a design outsourcing platform for dental experts.
Professional teeth design can be completed at a reasonable price."
HOWTO_PROJECT_BRIDGE_CONTENT_TITLE_DESIGNER,"A project that anyone can start
anytime and anywhere !","A project that anyone can start
anytime and anywhere !"
HOWTO_PROJECT_BRIDGE_CONTENT_BODY_DESIGNER,"Meet new clients and start new projects with DOF Bridge.
Create profits through various projects.","Meet new clients and start new projects with DOF Bridge.
Create profits through various projects."
HOWTO_CREATE_PROJECT,Create a Project,Create a Project
HOWTO_DESIGNER_LIST,Designer List,Designer List
HOWTO_PROJECT_LIST,Project List,Project List
HOWTO_STEP_0_TITLE_CLIENT,Check the Project Progress,Check the Project Progress
HOWTO_STEP_0_CONTENT_CLIENT,"Check the project progress at once with
the process bar at the top.","Check the project progress at once with
the process bar at the top."
HOWTO_STEP_0_TITLE_DESIGNER,Check the Project Progress,Check the Project Progress
HOWTO_STEP_0_CONTENT_DESIGNER,"Check the project progress at once with
the process bar at the top.","Check the project progress at once with
the process bar at the top."
HOWTO_STEP_1,Step 01,Step 01
HOWTO_STEP_1_TITLE_CLIENT,Create a Project,Create a Project
HOWTO_STEP_1_CONTENT_CLIENT,"Click on each tooth to enter case specific details and upload
references for the designer to start the project.

A project with a detailed information will lead to higher project
acceptances rate.","Click on each tooth to enter case specific details and upload
references for the designer to start the project.

A project with a detailed information will lead to higher project
acceptances rate."
HOWTO_STEP_1_TITLE_DESIGNER,Bid on a Project,Bid on a Project
HOWTO_STEP_1_CONTENT_DESIGNER,"Apply for a project after checking the details and data.
Apply by setting the estimated due date and cost.
Clients can check participations in real time.
","Apply for a project after checking the details and data.
Apply by setting the estimated due date and cost.
Clients can check participations in real time.
"
HOWTO_STEP_1_CONTENT_DESIGNER_EXCALMATION,"Portfolio and rating management are important to increase the chance
of participation in the project.[My Page] > [Portfolio]","Portfolio and rating management are important to increase the chance
of participation in the project.[My Page] > [Portfolio]"
HOWTO_STEP_2,Step 02,Step 02
HOWTO_STEP_2_TITLE_CLIENT,Select a Designer,Select a Designer
HOWTO_STEP_2_CONTENT_CLIENT,"You may designate up to three designers for your project.
Selected designers will be notified by their priority order.


You can proceed with only one designer and you may invite
a new designer or delete the project
if there is no suitable designer.","You may designate up to three designers for your project.
Selected designers will be notified by their priority order.


You can proceed with only one designer and you may invite
a new designer or delete the project
if there is no suitable designer."
HOWTO_STEP_2_TITLE_DESIGNER,Start the Project,Start the Project
HOWTO_STEP_2_CONTENT_DESIGNER,"If you are selected, click the ""Begin"" button to start the project.
The project starts with a real-time notification to the client.","If you are selected, click the ""Begin"" button to start the project.
The project starts with a real-time notification to the client."
HOWTO_STEP_3,Step 03,Step 03
HOWTO_STEP_3_TITLE_CLIENT,Check and Approve the Result,Check and Approve the Result
HOWTO_STEP_3_CONTENT_CLIENT,"Depending on the outcome, set the completion of the project
by 'Change the Designer', 'Request to Redesign', or 'Confirm & Pay'.

","Depending on the outcome, set the completion of the project
by 'Change the Designer', 'Request to Redesign', or 'Confirm & Pay'.

"
HOWTO_STEP_3_CONTENT_CLIENT_1,1) Change the Designer,1) Change the Designer
HOWTO_STEP_3_CONTENT_CLIENT_1_DETAIL,"<0>: If you are not satisfied with the designer's work, you can change the designer.
</0><1>(change numbers will be on your profile, 10% fee)
</1>","<0>: If you are not satisfied with the designer's work, you can change the designer.
</0><1>(change numbers will be on your profile, 10% fee)
</1>"
HOWTO_STEP_3_CONTENT_CLIENT_2,2) Request to Redesign,2) Request to Redesign
HOWTO_STEP_3_CONTENT_CLIENT_2_DETAIL,: Request to redesign if you need modification. (up to three times),: Request to redesign if you need modification. (up to three times)
HOWTO_STEP_3_CONTENT_CLIENT_3,3) Confirm & Pay,3) Confirm & Pay
HOWTO_STEP_3_CONTENT_CLIENT_3_DETAIL,: Complete the project and pay points to the designer.,: Complete the project and pay points to the designer.
HOWTO_STEP_3_TITLE_DESIGNER,Submit the Result,Submit the Result
HOWTO_STEP_3_CONTENT_DESIGNER,"After completing design, upload the data to [Cloud] and click
the 'Done' button to complete the project.

The client is notified upon submission.","After completing design, upload the data to [Cloud] and click
the 'Done' button to complete the project.

The client is notified upon submission."
HOWTO_STEP_4,Step 04,Step 04
HOWTO_STEP_4_TITLE_CLIENT,Point Payments & Designer Evaluation,Point Payments & Designer Evaluation
HOWTO_STEP_4_CONTENT_CLIENT,"The payment of the project is made with points.
Points can be charged by credit cards.

After payment, you can evaluate the designer and download the result.
","The payment of the project is made with points.
Points can be charged by credit cards.

After payment, you can evaluate the designer and download the result.
"
HOWTO_STEP_4_TITLE_DESIGNER,Point Collection & Client Evaluation,Point Collection & Client Evaluation
HOWTO_STEP_4_CONTENT_DESIGNER,"You can check the overall information about the project,
and the points are automatically deposited.

You can evaluate the project clients.","You can check the overall information about the project,
and the points are automatically deposited.

You can evaluate the project clients."
HOWTO_STEP_BOTTOM_TEXT,Complete the project quickly and easily!,Complete the project quickly and easily!
GLOBAL_NONE,None,None
USER_POINT_STORE_PAYMENT_INFO_1,(모든 한국내 발급 신용카드),(모든 한국내 발급 신용카드)
USER_POINT_STORE_PAYMENT_INFO_2,(한국 내 계좌 이체),(한국 내 계좌 이체)
USER_POINT_STORE_PAYMENT_INFO_3,(except all credit cards issued in Korea),(except all credit cards issued in Korea)
USER_POINT_STORE_PAYMENT_INFO_4,(except all credit cards issued in Korea),(except all credit cards issued in Korea)
